Ricardo Posadas,67738290L,tres
Aitor Llanos,76654678J,uno
Maria Sanchez,90765341H,tres
Aitor Menta,34562171O,tres
Victor Aurregui,76547321J,tres
Carla Susón,87864365G,dos
Juanmari Irugoien,88324514F,tres
Felipe del Olmo,87623513U,uno
Moreno Arribas,78356721P,dos
Virginia Diaz,85662341E,tres
Barbara Hoyos,68865421U,dos
Simon Rodriguez,76554837Y,dos
Eustaquia Millan,56743212G,uno
Izaskun Guerrero,21146709L,uno
Bonifacio Berlaga,89743892P,dos
Emilio Barro,92213456H,tres
Muriel Finally,54367218Q,tres
Alberto Pablos,76548921,dos
Monica Senclaire,90873256N,uno
Diego Arturo Nuñez,67836521F,uno
Ana Isabel Daroca,89367821F,dos
Samuel del Rio,65432415T,uno
Enriqueta Alvarez,67389865A,uno
Olga Satillana,24467661J,uno
Nicolas Ruiz,72436123I,tres
Cristina Suarez,87654637J,uno
Julio Torres,86583521G,tres
Sonia Alvarez,74425478L,dos
Mariano Rios,56236712R,dos
Paloma Dieguez,71123456C,uno
