Emilio Barro,92213456H,tres
Cristina Suarez,87654637J,uno
Maria Sanchez,90765341H,tres
Barbara Hoyos,68865421U,dos
Muriel Finally,54367218Q,tres
Carla Susón,87864365G,dos
Olga Satillana,24467661J,uno
Ana Isabel Daroca,89367821F,dos
Alberto Pablos,76548921,dos
Julio Torres,86583521G,tres
Aitor Menta,34562171O,tres
Simon Rodriguez,76554837Y,dos
Monica Senclaire,90873256N,uno
Juanmari Irugoien,88324514F,tres
Nicolas Ruiz,72436123I,tres
Ricardo Posadas,67738290L,tres
Diego Arturo Nuñez,67836521F,uno
Sonia Alvarez,74425478L,dos
Victor Aurregui,76547321J,tres
Eustaquia Millan,56743212G,uno
Felipe del Olmo,87623513U,uno
Samuel del Rio,65432415T,uno
Mariano Rios,56236712R,dos
Izaskun Guerrero,21146709L,uno
Moreno Arribas,78356721P,dos
Aitor Llanos,76654678J,uno
Paloma Dieguez,71123456C,uno
Bonifacio Berlaga,89743892P,dos
Virginia Diaz,85662341E,tres
Enriqueta Alvarez,67389865A,uno
